customer_id,name,region,gender
1,Courtney Ward,South Jonathanborough,Female
2,Mary Holt,Port Shannonchester,Male
3,Laura Thomas,Mcbrideview,Male
4,Gregory Brown,Kimhaven,Male
5,Amanda Wilkerson,South Natasha,Female
6,Joseph Edwards,Mckenziefort,Male
7,Jason Dodson,South Barbara,Male
8,Curtis Jimenez,Barnestown,Female
9,John Cole,Emilyside,Female
10,Kevin Thomas,East Christinaview,Female
11,Alan Wiley,New Bruce,Male
12,Jeffrey Hall,Dawnfort,Female
13,Brenda Owens,Paulhaven,Female
14,Samantha Lawson,Taylorburgh,Female
15,Christine Whitaker,Jessicashire,Female
16,Jennifer Wallace,New Jessica,Female
17,Bobby Williams,South Danaburgh,Male
18,Dr. Linda Joseph,North Morganburgh,Female
19,Joshua Cook,Larrybury,Male
20,Jennifer Lopez,East Victoria,Male
21,Sarah Taylor,Delgadofurt,Female
22,Joseph Mcdonald,Edwardmouth,Male
23,Joy Mercer,Rothport,Male
24,Calvin Willis,Traceystad,Female
25,Jonathan Johnson,Angelaberg,Female
26,Sharon Vang,New Shannon,Female
27,Michele Hampton,South Charles,Female
28,Shirley Griffith,Lake Joseph,Male
29,Mary Martin,Savagechester,Male
30,Laura Williams,Victoriafurt,Female
31,Michele Powers,Danielbury,Male
32,Elijah Ali,East Annmouth,Male
33,Anna James,East Ronald,Female
34,Abigail Torres,Charleneburgh,Male
35,Aaron Gibson,Robertside,Male
36,Jennifer Hubbard,Kentmouth,Male
37,Jeffrey Davis,Nealhaven,Male
38,Sarah Robinson,Whitneyland,Male
39,Jenna Scott,Stevensmouth,Female
40,Patrick Green,Ewingport,Male
41,Brian Brown,Thomastown,Female
42,Kelly Jones,Lindafurt,Female
43,Melissa Little,Kevinfort,Male
44,Donald Wright,Nielsenport,Male
45,Justin King,North Jefftown,Male
46,Christina Logan,Port Richard,Female
47,Howard Carroll,North Jonathan,Female
48,Nicole Smith,Port Tina,Male
49,Lisa Griffith,West Helenton,Male
50,Phillip Hill,Pierceberg,Male
