product_id,name,category,brand
1,floor,Electronics,"Davis, Gonzalez and Baxter"
2,agreement,Home,James Inc
3,side,Electronics,Gonzalez Group
4,week,Fashion,Weber Inc
5,fall,Fashion,Graham PLC
6,industry,Fashion,Gallagher and Sons
7,position,Electronics,"Leon, Graves and Atkins"
8,speech,Electronics,Johnson LLC
9,necessary,Electronics,"Hood, Foley and Flynn"
10,wind,Fashion,Martinez Group
11,look,Home,"Flores, Howard and Casey"
12,there,Home,Jackson-Moses
13,south,Electronics,"Mitchell, Conway and Pierce"
14,human,Electronics,"Garcia, Jackson and Wright"
15,surface,Fashion,"Mason, Wise and Wilson"
16,dark,Electronics,Lyons-Yoder
17,lay,Fashion,Patterson-Brown
18,Mrs,Fashion,"Maldonado, Cummings and Mcguire"
19,same,Home,Lee-Silva
20,window,Home,Brock-Mcgee
